{
  "project_info": {
    "project_number": "1065747894411",
    "firebase_url": "https://tweetastra.firebaseio.com",
    "project_id": "tweetastra",
    "storage_bucket": "tweetastra.appspot.com"
  },
  "client": [
    {
      "client_info": {
        "mobilesdk_app_id": "1:1065747894411:android:e9deb3e191db6a19cc848e",
        "android_client_info": {
          "package_name": "com.example.flutter_redux_firebase"
        }
      },
      "oauth_client": [
        {
          "client_id": "1065747894411-bp34t3cr7ku2f0d1uc6foqdsjn56h0j6.apps.googleusercontent.com",
          "client_type": 3
        }
      ],
      "api_key": [
        {
          "current_key": "AIzaSyCdnrIA_LUvbaxZd5EG9MCPWg5J8pHOgRY"
        }
      ],
      "services": {
        "appinvite_service": {
          "other_platform_oauth_client": [
            {
              "client_id": "1065747894411-bp34t3cr7ku2f0d1uc6foqdsjn56h0j6.apps.googleusercontent.com",
              "client_type": 3
            }
          ]
        }
      }
    }
  ],
  "configuration_version": "1"
}